extension,title,person_name,department,location,notes,status
0,کال سنتر,,Reception,Lobby,,فعال
100,مدیر کل,,,مدیر کل,,فعال
101,مدیریت,,HR,مدیریت,,فعال
102,*,,,,,غیرفعال
103,مدیریت,,Sport And  Entertaiment,B1,,فعال
104,دفتر,,Stock,دفتر انبار,,فعال
105,مدیریت,,Shopping and commerce,خرید و بازرگانی,,فعال
106,مدیریت,,Accounting,مدیریت مالی,,فعال
107,اجرایی,,Engeering,اتاق استراحت تاسیسات,,فعال
108,استخر,,Sport And  Entertaiment,F1,,فعال
109,انبار ابنیه,,Engeering,B2,,فعال
110,مدیریت,,Security,مدیریت حراست,,فعال
111,ورودی,,Security,Area,,فعال
112,اوپراتور سردخانه,,Stock,B2,,فعال
113,کاست کنترل,,Accounting,واحد مالی (cost control),,فعال
114,ملزومات,,Stock,B2,,فعال
115,اورژانس,,,,,غیرفعال
116,بهداری,,HSE,B1,,فعال
117,سرآشپز,شف موسوی,F&B,Mez,,فعال
118,118,,,,,غیرفعال
119,اداری بیمه,,Accounting,واحد بیمه,,فعال
120,بازاریابی,,Marketing,مارکتینگ,,فعال
121,آرایشگاه زنانه,,commerce,B1,,فعال
122,آشپزخانه مزنین,,F&B,آشپزخانه مزنین,,فعال
123,تشریفات,خانم اسلام پور,Marketing,Mez,,فعال
124,مانیتورینگ,,Security,B2,,فعال
125,آتش نشانی,,,,,غیرفعال
126,مدیر ابنیه,مهندس متاجی,Engeering,B2,,فعال
127,گل فروشی,,Engeering,B1,,فعال
128,کافه لانژ,,F&B,کافه لانژ,,فعال
129,آشپزخانه تالار,,F&B,آشپزخانه تالار,,فعال
130,دفتر مالی,,Accounting,F4,,فعال
131,خانه داری لابی,,Housekeeping,Lobby,,فعال
132,سینما,,Sport And  Entertaiment,سینما,,فعال
133,دفتر تشریفات,,Marketing,B1,,فعال
134,آموزش,خانم پورنبی,HR,,,فعال
135,کارشناسان,,HR,منابع انسانی,,فعال
136,مدیریت,آقای پورمحمد,Stock,B2,,فعال
137,دفتر,,Security,دفتر حراست,,فعال
138,حسابداری,,Accounting,واحد مالی حسابداری (اتاق 426),,فعال
139,کارشناسان,,Shopping and commerce,بازرگانی و خرید-کارشناسان,,فعال
140,باشگاه بانوان,,Sport And  Entertaiment,باشگاه بانوان,,فعال
141,سازمان راهداری,,,,,غیرفعال
142,باشگاه آقایان,,Sport And  Entertaiment,باشگاه آقایان,,فعال
143,آشپزخانه منفی دو,,F&B,آشپزخانه پرسنل منفی 2,,فعال
144,انبار تاسیسات,,Engeering,B2,,فعال
145,سامانه مودیان,,Accounting,مودیان,,فعال
146,حسابداری,,Accounting,حسابداری,,فعال
147,مسئول برق,آقای کریمی,Engeering,B2,,فعال
148,مدیر کاست کنترل,آقای نصیری,Stock,Mez,,فعال
149,کارشناسان,,HR,منابع انسانی,,فعال
150,سرشیفت,,Security,سرشیفت حراست,,فعال
151,کال سنتر,,Reception,Lobby,,فعال
152,کال سنتر,,Reception,Lobby,,فعال
153,کال سنتر,,Reception,Lobby,,فعال
154,فرانت,,Reception,Lobby,,فعال
155,فرانت,,Reception,Lobby,,فعال
156,دسک,,Reception,Lobby,,فعال
157,دسک,,Reception,Lobby,,فعال
158,دسک,,Reception,Lobby,,فعال
159,مالی,,Accounting,Lobby,,فعال
160,مسئول رزرواسیون,,Marketing,Mez,,فعال
161,مدیریت,,HSE,B2,,فعال
162,رزرواسیون 1,,Marketing,Mez,,فعال
163,رزرواسیون 2,,Reception,Mez,,فعال
164,مدیر رزرواسیون,,Reception,مدیر رزرواسیون,,فعال
165,مدیریت,,Housekeeping,طبقه 11,,فعال
166,ملحفه,,Housekeeping,B2,,فعال
167,خروجی,,Security,Area,,فعال
168,رستوران مزنین,,F&B,پذیرایی (F&B) مزنین,,فعال
169,تولید محتوا,,Marketing,B1,,فعال
170,اتاق بازی کودک,,Sport And  Entertaiment,اتاق بازی کودکان,,فعال
171,بیلیارد,,Sport And  Entertaiment,اتاق بیلیارد,,فعال
172,گیم سنتر,,Sport And  Entertaiment,Game Center,,فعال
173,پرسنل,,F&B,دفتر F&B,,فعال
174,بیکری,,F&B,بیکیری,,فعال
175,کافه ساحلی,,F&B,کافه ساحلی,,فعال
176,آمفی تئاتر,,Sport And  Entertaiment,آمفی تئاتر,,فعال
177,انبار اموال(جعفرصالحی),,Stock,انبار اموال(جعفرصالحی),,فعال
178,قصابی,,Stock,قصابی,,فعال
179,دفتر فنی,,Engeering,واحد تاسیسات,,فعال
180,دفتردار,,Engeering,واحد تاسیسات,,فعال
181,معاون,,Housekeeping,دفتر خانه داری,,فعال
182,معاون,,Housekeeping,دفتر خانه داری,,فعال
183,لاندری,,Housekeeping,Area,,فعال
184,کارشناسان,,HR,منابع انسانی,,فعال
185,پست برق,,Engeering,Area,,فعال
186,کاست کنترل(خانم امینی),,Stock,B2,,فعال
187,کاست کنترل(خانم نصیری),,Stock,B2,,فعال
188,مدیریت,,Engeering,تاسیسات,,فعال
189,درآمد,,Accounting,مالی درآمد,,فعال
190,تنخواه,,Accounting,مالی -تنخواه,,فعال
191,بارانداز شرقی,,Security,سرشیفت حراست منفی دو بارانداز,,فعال
192,مدیریت,,F&B,مدیریت F&B(2),,فعال
193,انبار,,Housekeeping,انبار خانه داری,,فعال
194,تصفیه خانه مزنین,,Engeering,تصفیه خوانه مزنین,,فعال
195,کانسیرج,,Reception,concierge,,فعال
196,بازاریابی,,Marketing,مارکتینگ,,فعال
197,آرایشگاه مردانه,,commerce,B1,,فعال
198,بازاریابی,,Marketing,مدیر مارکتینگ,,فعال
199,مدیریت,,Reception,مدیر فرانت,,فعال
2424,کسپی,,F&B,رستوران کسپی,,فعال
251,بیزنس سنتر,,IT,اماده سازی,,غیرفعال
252,اسباب بازی فروشی,,commerce,B1,,فعال
2525,کافه دومان,,F&B,F25,,فعال
253,اتاق آماده سازی سالاد,,F&B,B2,,فعال
254,آشپزخانه مراکشی,,F&B,B2,,فعال
255,تجاری 6,,commerce,B1,,غیرفعال
256,BI,آقای سلیمانی,Accounting,F4,,فعال
257,گیمنت,,Sport And  Entertaiment,گیم نت,,فعال
258,معاون بازرگانی,آقای انصاری,Shopping and commerce,Lobby,,فعال
259,سایت هتل,,Marketing,سایت آقای دلیر,,فعال
260,بیمه تکمیلی,,HR,آقای ناییج پور,,فعال
261,خیاطی,,Housekeeping,B2,,فعال
262,مسئول برق,اقای بازیار,Engeering,تاسیسات بازیار,,فعال
263,اسپورت بار,,F&B,sport bar,,فعال
264,ثبت چهره منفی یک,,Security,حراست منفی یک،ثبت چهره,,فعال
265,تصفیه خانه,,Engeering,تصفیه خانه محوطه,,فعال
266,آشپزخانه کسپی,,F&B,آشپزخانه کسپی,,فعال
267,بل دسک,,Reception,بل دسک,,فعال
268,استخر آقایان,,Sport And  Entertaiment,F1,,فعال
269,مدیریت HSE,,HSE,B2,,فعال
270,رستوران مراکشی,,F&B,مراکشی,,فعال
271,حمل و نقل,,Security,دفتر حمل و نقل,,فعال
272,مسئول ETS,آقای اخوان,HR,,,فعال
273,مسئول فضای سبز,دکتر گلزاری,Engeering,B2,,فعال
274,مدیر شب,,,مدیر شب,,فعال
275,معاونت مالی و اداری,,Accounting,آقای جعفرزاده,Mez,فعال
276,کیوسک حراست ساحلی,,,کیوسک حراست ساحلی,,فعال
277,دفتر عکاس‌ها,,,Lobby,,فعال
278,سردخانه,,Stock,B2,,فعال
279,Room Service,,F&B,Mez,,فعال
280,Room Service,,F&B,,,فعال
333,کارشناسان 1,,IT,واحد IT,,فعال
335,کارشناسان 2,,IT,واحد IT,,فعال
350,مدیریت,,IT,مدیریت واحد IT,,فعال
410,مدیریت,آقای آران,,F4,,فعال
411,حسابداری,خانم خزایی,,F4,,فعال
444,دفتر,,Reception,Lobby,,فعال
